<?xml version="1.0" encoding="utf-8" ?>
<Patch>
	<Operation Class="PatchOperationFindMod">
		<mods>
			<li>Australden's Fusion Weapons Pack Remastered</li>
		</mods>
		<match Class="PatchOperationSequence">
			<operations>
				<li Class ="PatchOperationAddModExtension">
					<xpath>Defs/ThingDef[defName="Gun_FusionPistol"]</xpath>
					<value>
						<li Class="SK_WeaponMastery.DefModExtension_Mastery">
							<gmclass>Pistol</gmclass>
						</li>
					</value>
				</li>
				<li Class ="PatchOperationAddModExtension">
					<xpath>Defs/ThingDef[defName="Gun_FusionRifle"]</xpath>
					<value>
						<li Class="SK_WeaponMastery.DefModExtension_Mastery">
							<gmclass>Rifle</gmclass>
						</li>
					</value>
				</li>
				<li Class ="PatchOperationAddModExtension">
					<xpath>Defs/ThingDef[defName="Gun_FusionShotgun"]</xpath>
					<value>
						<li Class="SK_WeaponMastery.DefModExtension_Mastery">
							<gmclass>Shotgun</gmclass>
						</li>
					</value>
				</li>
				<li Class ="PatchOperationAddModExtension">
					<xpath>Defs/ThingDef[defName="Gun_FusionSniper"]</xpath>
					<value>
						<li Class="SK_WeaponMastery.DefModExtension_Mastery">
							<gmclass>Sniper Rifle</gmclass>
						</li>
					</value>
				</li>
				<li Class ="PatchOperationAddModExtension">
					<xpath>Defs/ThingDef[defName="Gun_FusionLMG"]</xpath>
					<value>
						<li Class="SK_WeaponMastery.DefModExtension_Mastery">
							<gmclass>Machine Gun</gmclass>
						</li>
					</value>
				</li>
			</operations>
		</match>
	</Operation>
</Patch>