<?xml version="1.0" encoding="utf-8" ?>
<Patch>
	<Operation Class="PatchOperationFindMod">
		<mods>
			<li>Eccentric Tech - Foxy's Armory 2.0</li>
		</mods>
		<match Class="PatchOperationSequence">
			<operations>
				<li Class ="PatchOperationAddModExtension">
					<xpath>Defs/ThingDef[defName="Eccentric_Gun_E9C"]</xpath>
					<value>
						<li Class="SK_WeaponMastery.DefModExtension_Mastery">
							<gmclass>Rifle</gmclass>
						</li>
					</value>
				</li>
				<li Class ="PatchOperationAddModExtension">
					<xpath>Defs/ThingDef[defName="Eccentric_Gun_E15CR"]</xpath>
					<value>
						<li Class="SK_WeaponMastery.DefModExtension_Mastery">
							<gmclass>Rifle</gmclass>
						</li>
					</value>
				</li>
				<li Class ="PatchOperationAddModExtension">
					<xpath>Defs/ThingDef[defName="Eccentric_Gun_E16PR"]</xpath>
					<value>
						<li Class="SK_WeaponMastery.DefModExtension_Mastery">
							<gmclass>Sniper Rifle</gmclass>
						</li>
					</value>
				</li>
				<li Class ="PatchOperationAddModExtension">
					<xpath>Defs/ThingDef[defName="Eccentric_Gun_E18DMR"]</xpath>
					<value>
						<li Class="SK_WeaponMastery.DefModExtension_Mastery">
							<gmclass>Sniper Rifle</gmclass>
						</li>
					</value>
				</li>
				<li Class ="PatchOperationAddModExtension">
					<xpath>Defs/ThingDef[defName="Eccentric_Gun_L20C"]</xpath>
					<value>
						<li Class="SK_WeaponMastery.DefModExtension_Mastery">
							<gmclass>Machine Gun</gmclass>
						</li>
					</value>
				</li>
				<li Class ="PatchOperationAddModExtension">
					<xpath>Defs/ThingDef[defName="Eccentric_Rosethorn"]</xpath>
					<value>
						<li Class="SK_WeaponMastery.DefModExtension_Mastery">
							<gmclass>Bladed</gmclass>
						</li>
					</value>
				</li>
				<li Class ="PatchOperationAddModExtension">
					<xpath>Defs/ThingDef[defName="Eccentric_Gun_S8P"]</xpath>
					<value>
						<li Class="SK_WeaponMastery.DefModExtension_Mastery">
							<gmclass>Pistol</gmclass>
						</li>
					</value>
				</li>
				<li Class ="PatchOperationAddModExtension">
					<xpath>Defs/ThingDef[defName="Eccentric_Gun_P12PDW"]</xpath>
					<value>
						<li Class="SK_WeaponMastery.DefModExtension_Mastery">
							<gmclass>SMG</gmclass>
						</li>
					</value>
				</li>
        <li Class ="PatchOperationAddModExtension">
          <xpath>Defs/ThingDef[defName="Eccentric_Gun_M1CGL"]</xpath>
          <value>
            <li Class="SK_WeaponMastery.DefModExtension_Mastery">
              <gmclass>Launcher</gmclass>
            </li>
          </value>
        </li>
       <li Class ="PatchOperationAddModExtension">
          <xpath>Defs/ThingDef[defName="Eccentric_Gun_M5CAW"]</xpath>
          <value>
            <li Class="SK_WeaponMastery.DefModExtension_Mastery">
              <gmclass>Launcher</gmclass>
            </li>
          </value>
        </li>
			</operations>
		</match>
	</Operation>
</Patch>