<?xml version="1.0" encoding="utf-8" ?>
<Patch>
	<Operation Class="PatchOperationFindMod">
		<mods>
			<li>Rim-Effect: Core</li>
		</mods>
		<match Class="PatchOperationSequence">
			<operations>
				<li Class ="PatchOperationAddModExtension">
					<xpath>Defs/ThingDef[defName="RE_Gun_AllianceAssaultRifle"]</xpath>
					<value>
						<li Class="SK_WeaponMastery.DefModExtension_Mastery">
							<gmclass>Rifle</gmclass>
						</li>
					</value>
				</li>
				<li Class ="PatchOperationAddModExtension">
					<xpath>Defs/ThingDef[defName="RE_Gun_AllianceBattleRifle"]</xpath>
					<value>
						<li Class="SK_WeaponMastery.DefModExtension_Mastery">
							<gmclass>Rifle</gmclass>
						</li>
					</value>
				</li>
				<li Class ="PatchOperationAddModExtension">
					<xpath>Defs/ThingDef[defName="RE_Gun_AllianceShotgun"]</xpath>
					<value>
						<li Class="SK_WeaponMastery.DefModExtension_Mastery">
							<gmclass>Shotgun</gmclass>
						</li>
					</value>
				</li>
      	<li Class ="PatchOperationAddModExtension">
					<xpath>Defs/ThingDef[defName="RE_Gun_AllianceSniperRifle"]</xpath>
					<value>
						<li Class="SK_WeaponMastery.DefModExtension_Mastery">
							<gmclass>Sniper Rifle</gmclass>
						</li>
					</value>
				</li>
				<li Class ="PatchOperationAddModExtension">
					<xpath>Defs/ThingDef[defName="RE_Gun_AllianceSMG"]</xpath>
					<value>
						<li Class="SK_WeaponMastery.DefModExtension_Mastery">
							<gmclass>SMG</gmclass>
						</li>
					</value>
				</li>
        <li Class ="PatchOperationAddModExtension">
          <xpath>Defs/ThingDef[defName="RE_Gun_AlliancePistol"]</xpath>
          <value>
            <li Class="SK_WeaponMastery.DefModExtension_Mastery">
              <gmclass>Pistol</gmclass>
            </li>
          </value>
        </li>
        <li Class ="PatchOperationAddModExtension">
          <xpath>Defs/ThingDef[defName="RE_Gun_AllianceHandcannon"]</xpath>
          <value>
            <li Class="SK_WeaponMastery.DefModExtension_Mastery">
              <gmclass>Pistol</gmclass>
            </li>
          </value>
        </li>
        <li Class ="PatchOperationAddModExtension">
          <xpath>Defs/ThingDef[defName="RE_Gun_AllianceAntimaterielRifle"]</xpath>
          <value>
            <li Class="SK_WeaponMastery.DefModExtension_Mastery">
              <gmclass>Sniper Rifle</gmclass>
            </li>
          </value>
        </li>
        <li Class ="PatchOperationAddModExtension">
          <xpath>Defs/ThingDef[defName="RE_Gun_AllianceChainShotgun"]</xpath>
          <value>
            <li Class="SK_WeaponMastery.DefModExtension_Mastery">
              <gmclass>Shotgun</gmclass>
            </li>
          </value>
        </li>
        <li Class ="PatchOperationAddModExtension">
          <xpath>Defs/ThingDef[defName="RE_Gun_AllianceRocketLauncher"]</xpath>
          <value>
            <li Class="SK_WeaponMastery.DefModExtension_Mastery">
              <gmclass>Launcher</gmclass>
            </li>
          </value>
        </li>
			</operations>
		</match>
	</Operation>
</Patch>