<?xml version="1.0" encoding="utf-8" ?>
<Patch>
	<Operation Class="PatchOperationFindMod">
		<mods>
			<li>Royalty</li>
		</mods>
		<match Class="PatchOperationSequence">
			<operations>
				<li Class ="PatchOperationAddModExtension" MayRequire="ludeon.rimworld.royalty">
					<xpath>Defs/ThingDef[defName="MeleeWeapon_MonoSword"]</xpath>
					<value>
						<li Class="SK_WeaponMastery.DefModExtension_Mastery">
							<gmclass>Bladed</gmclass>
						</li>
					</value>
				</li>
				<li Class ="PatchOperationAddModExtension" MayRequire="ludeon.rimworld.royalty">
					<xpath>Defs/ThingDef[defName="MeleeWeapon_Zeushammer"]</xpath>
					<value>
						<li Class="SK_WeaponMastery.DefModExtension_Mastery">
							<gmclass>Blunt</gmclass>
						</li>
					</value>
				</li>
				<li Class ="PatchOperationAddModExtension" MayRequire="ludeon.rimworld.royalty">
					<xpath>Defs/ThingDef[defName="MeleeWeapon_Axe"]</xpath>
					<value>
						<li Class="SK_WeaponMastery.DefModExtension_Mastery">
							<gmclass>Axe</gmclass>
						</li>
					</value>
				</li>
				<li Class ="PatchOperationAddModExtension" MayRequire="ludeon.rimworld.royalty">
					<xpath>Defs/ThingDef[defName="MeleeWeapon_Warhammer"]</xpath>
					<value>
						<li Class="SK_WeaponMastery.DefModExtension_Mastery">
							<gmclass>Blunt</gmclass>
						</li>
					</value>
				</li>
				<li Class ="PatchOperationAddModExtension" MayRequire="ludeon.rimworld.royalty">
					<xpath>Defs/ThingDef[defName="MeleeWeapon_PlasmaSword"]</xpath>
					<value>
						<li Class="SK_WeaponMastery.DefModExtension_Mastery">
							<gmclass>Bladed</gmclass>
						</li>
					</value>
				</li>
				<li Class ="PatchOperationAddModExtension" MayRequire="ludeon.rimworld.royalty">
					<xpath>Defs/ThingDef[defName="MeleeWeapon_PlasmaSwordBladelink"]</xpath>
					<value>
						<li Class="SK_WeaponMastery.DefModExtension_Mastery">
							<gmclass>Bladed</gmclass>
						</li>
					</value>
				</li>
				<li Class ="PatchOperationAddModExtension" MayRequire="ludeon.rimworld.royalty">
					<xpath>Defs/ThingDef[defName="MeleeWeapon_ZeusHammerBladelink"]</xpath>
					<value>
						<li Class="SK_WeaponMastery.DefModExtension_Mastery">
							<gmclass>Blunt</gmclass>
						</li>
					</value>
				</li>
				<li Class ="PatchOperationAddModExtension" MayRequire="ludeon.rimworld.royalty">
					<xpath>Defs/ThingDef[defName="MeleeWeapon_MonoSwordBladelink"]</xpath>
					<value>
						<li Class="SK_WeaponMastery.DefModExtension_Mastery">
							<gmclass>Bladed</gmclass>
						</li>
					</value>
				</li>
        <li Class ="PatchOperationAddModExtension" MayRequire="ludeon.rimworld.royalty">
          <xpath>Defs/ThingDef[defName="MeleeWeapon_PsyfocusStaff"]</xpath>
          <value>
            <li Class="SK_WeaponMastery.DefModExtension_Mastery">
              <gmclass>Blunt</gmclass>
            </li>
          </value>
        </li>
			</operations>
		</match>
	</Operation>
</Patch>